"No","DOI","Status","PdfUrl","File"
"1","10.1002/9780470277867.ch11","no_oa","",""
"2","10.1002/aqc.4065","download_failed","https://onlinelibrary.wiley.com/doi/pdfdirect/10.1002/aqc.4065",""
"3","10.1007/978-3-031-20740-2_18","downloaded","https://link.springer.com/content/pdf/10.1007/978-3-031-20740-2_18.pdf","F:\deepseek harness\pdfs\10.1007_978-3-031-20740-2_18.pdf"
"4","10.1007/978-3-031-32671-4_105-1","no_oa","",""
"5","10.1007/978-3-319-51159-7_9","downloaded","https://link.springer.com/content/pdf/10.1007%2F978-3-319-51159-7_9.pdf","F:\deepseek harness\pdfs\10.1007_978-3-319-51159-7_9.pdf"
"6","10.1007/BF00027645","no_oa","",""
"7","10.1007/s10152-008-0115-x","downloaded","https://link.springer.com/content/pdf/10.1007/s10152-008-0115-x.pdf","F:\deepseek harness\pdfs\10.1007_s10152-008-0115-x.pdf"
"8","10.1007/s10499-016-9987-y","downloaded","https://link.springer.com/content/pdf/10.1007%2Fs10499-016-9987-y.pdf","F:\deepseek harness\pdfs\10.1007_s10499-016-9987-y.pdf"
"9","10.1007/s10499-023-01270-w","downloaded","https://link.springer.com/content/pdf/10.1007/s10499-023-01270-w.pdf","F:\deepseek harness\pdfs\10.1007_s10499-023-01270-w.pdf"
"10","10.1007/s10811-017-1144-0","no_oa","",""
"11","10.1007/s10811-019-02020-3","downloaded","https://link.springer.com/content/pdf/10.1007/s10811-019-02020-3.pdf","F:\deepseek harness\pdfs\10.1007_s10811-019-02020-3.pdf"
"12","10.1007/s10811-024-03291-1","no_oa","",""
"13","10.1007/s10811-026-03885-x","downloaded","https://link.springer.com/content/pdf/10.1007/s10811-026-03885-x.pdf","F:\deepseek harness\pdfs\10.1007_s10811-026-03885-x.pdf"
"14","10.1007/s10811-026-03928-3","downloaded","https://link.springer.com/content/pdf/10.1007/s10811-026-03928-3.pdf","F:\deepseek harness\pdfs\10.1007_s10811-026-03928-3.pdf"
"15","10.1007/s12562-025-01956-5","downloaded","https://link.springer.com/content/pdf/10.1007/s12562-025-01956-5.pdf","F:\deepseek harness\pdfs\10.1007_s12562-025-01956-5.pdf"
"16","10.1007/s13762-026-07285-z","downloaded","https://link.springer.com/content/pdf/10.1007/s13762-026-07285-z.pdf","F:\deepseek harness\pdfs\10.1007_s13762-026-07285-z.pdf"
"17","10.1007/s40152-023-00294-5","no_oa","",""
"18","10.1007/s40152-023-00324-2","downloaded","https://link.springer.com/content/pdf/10.1007/s40152-023-00324-2.pdf","F:\deepseek harness\pdfs\10.1007_s40152-023-00324-2.pdf"
"19","10.1007/s40152-023-00348-8","downloaded","https://link.springer.com/content/pdf/10.1007/s40152-023-00348-8.pdf","F:\deepseek harness\pdfs\10.1007_s40152-023-00348-8.pdf"
"20","10.1007/s40152-024-00392-y","downloaded","https://link.springer.com/content/pdf/10.1007/s40152-024-00392-y.pdf","F:\deepseek harness\pdfs\10.1007_s40152-024-00392-y.pdf"
"21","10.1007/s44312-024-00014-5","downloaded","https://link.springer.com/content/pdf/10.1007/s44312-024-00014-5.pdf","F:\deepseek harness\pdfs\10.1007_s44312-024-00014-5.pdf"
"22","10.1016/j.aquaculture.2015.02.009","no_oa","",""
"23","10.1016/j.aquaculture.2015.03.005","small_or_error","https://figshare.com/articles/journal_contribution/The_implications_of_aquaculture_policy_and_regulation_for_the_development_of_integrated_multi-trophic_aquaculture_in_Europe/22938416",""
"24","10.1016/j.aquaculture.2021.737812","download_failed","https://www.sciencedirect.com/science/article/pii/S0044848621014757/pdf",""
"25","10.1016/j.aquaculture.2022.738066","download_failed","https://www.sciencedirect.com/science/article/pii/S004484862200182X/pdf",""
"26","10.1016/j.aquaculture.2023.739474","no_oa","",""
"27","10.1016/j.aquaculture.2024.740230","api_error","",""
"28","10.1016/j.aquaculture.2024.741085","no_oa","",""
"29","10.1016/j.aquaculture.2024.741164","small_or_error","https://doi.org/10.1016/j.aquaculture.2024.741164",""
"30","10.1016/j.ecss.2019.04.018","no_oa","",""
"31","10.1016/j.foodcont.2019.04.010","no_oa","",""
"32","10.1016/j.geoforum.2004.11.007","no_oa","",""
"33","10.1016/j.hal.2025.102997","no_oa","",""
"34","10.1016/j.jenvman.2022.114623","download_failed","https://www.sciencedirect.com/science/article/pii/S0301479722001967/pdf",""
"35","10.1016/j.marpol.2013.06.002","download_failed","https://hull-repository.worktribe.com/output/373991",""
"36","10.1016/j.marpol.2014.04.003","no_oa","",""
"37","10.1016/j.marpol.2015.01.012","no_oa","",""
"38","10.1016/j.marpol.2015.09.004","no_oa","",""
"39","10.1016/j.marpol.2015.09.005","no_oa","",""
"40","10.1016/j.marpol.2017.08.007","downloaded","https://edepot.wur.nl/426238","F:\deepseek harness\pdfs\10.1016_j.marpol.2017.08.007.pdf"
"41","10.1016/j.marpol.2018.05.007","no_oa","",""
"42","10.1016/j.marpol.2018.10.049","download_failed","https://www.sciencedirect.com/science/article/pii/S0308597X18304603/pdf",""
"43","10.1016/j.marpol.2019.04.002","download_failed","https://www.sciencedirect.com/science/article/pii/S0308597X18308820/pdf",""
"44","10.1016/j.marpol.2019.103800","download_failed","https://www.sciencedirect.com/science/article/pii/S0308597X19305184/pdf",""
"45","10.1016/j.marpol.2020.103892","no_oa","",""
"46","10.1016/j.marpol.2020.103941","no_oa","",""
"47","10.1016/j.marpol.2020.104062","no_oa","",""
"48","10.1016/j.marpol.2020.104255","no_oa","",""
"49","10.1016/j.marpol.2021.104902","no_oa","",""
"50","10.1016/j.marpol.2022.105101","download_failed","https://www.sciencedirect.com/science/article/pii/S0308597X22001488/pdf",""
"51","10.1016/j.marpol.2022.105312","no_oa","",""
"52","10.1016/j.ocecoaman.2016.05.004","download_failed","https://www.sciencedirect.com/science/article/am/pii/S0964569116300941?via%3Dihub",""
"53","10.1016/j.ocecoaman.2020.105157","no_oa","",""
"54","10.1016/j.ocecoaman.2020.105293","no_oa","",""
"55","10.1038/s41467-024-49568-2","api_error","",""
"56","10.1038/s41559-017-0257-9","no_oa","",""
"57","10.1038/s41559-018-0669-1","no_oa","",""
"58","10.1038/s41586-021-03308-6","downloaded","https://research.wur.nl/en/publications/a-20-year-retrospective-review-of-global-aquaculture","F:\deepseek harness\pdfs\10.1038_s41586-021-03308-6.pdf"
"59","10.1038/s41586-022-04674-5","downloaded","http://hdl.handle.net/11093/3907","F:\deepseek harness\pdfs\10.1038_s41586-022-04674-5.pdf"
"60","10.1068/c09194","downloaded","https://research.wur.nl/en/publications/transformations-of-vietnamese-shrimp-aquaculture-policy-empirical","F:\deepseek harness\pdfs\10.1068_c09194.pdf"
"61","10.1080/08920750902758473","no_oa","",""
"62","10.1080/08920753.2013.822284","no_oa","",""
"63","10.1080/08920753.2022.2082857","download_failed","https://www.tandfonline.com/doi/pdf/10.1080/08920753.2022.2082857?needAccess=true",""
"64","10.1080/08941920.2025.2524745","no_oa","",""
"65","10.1080/13549839.2022.2119376","download_failed","https://doi.org/10.1080/13549839.2022.2119376",""
"66","10.1080/13657300409380361","no_oa","",""
"67","10.1080/13657305.2025.2602481","download_failed","https://www.tandfonline.com/doi/pdf/10.1080/13657305.2025.2602481?needAccess=true",""
"68","10.1080/23308249.2015.1121202","no_oa","",""
"69","10.1080/23308249.2020.1837067","no_oa","",""
"70","10.1080/23308249.2021.1980767","download_failed","https://www.tandfonline.com/doi/pdf/10.1080/23308249.2021.1980767?needAccess=true",""
"71","10.1080/23308249.2022.2083452","no_oa","",""
"72","10.1080/23308249.2022.2103644","no_oa","",""
"73","10.1080/23308249.2024.2399355","download_failed","https://doi.org/10.1080/23308249.2024.2399355",""
"74","10.1086/mre.17.2.42629357","no_oa","",""
"75","10.1088/1748-9326/ac0568","small_or_error","https://iopscience.iop.org/article/10.1088/1748-9326/ac0568/pdf",""
"76","10.1088/1748-9326/ad76c0","small_or_error","https://doi.org/10.1088/1748-9326/ad76c0",""
"77","10.1088/1755-1315/1419/1/012002","small_or_error","https://doi.org/10.1088/1755-1315/1419/1/012002",""
"78","10.1093/icesjms/fsv191","download_failed","https://academic.oup.com/icesjms/article-pdf/73/5/1427/31230855/fsv191.pdf",""
"79","10.1098/rspb.2017.0834","download_failed","https://royalsocietypublishing.org/doi/pdf/10.1098/rspb.2017.0834",""
"80","10.1111/are.13202","no_oa","",""
"81","10.1111/j.1477-8947.2010.01297.x","no_oa","",""
"82","10.1111/j.1753-5131.2012.01071.x","download_failed","https://zenodo.org/record/3452952",""
"83","10.1111/jwas.12416","download_failed","https://onlinelibrary.wiley.com/doi/pdfdirect/10.1111/jwas.12416",""
"84","10.1111/jwas.13031","download_failed","https://onlinelibrary.wiley.com/doi/pdfdirect/10.1111/jwas.13031",""
"85","10.1111/jwas.70005","download_failed","https://onlinelibrary.wiley.com/doi/pdfdirect/10.1111/jwas.70005",""
"86","10.1111/pre.70009","download_failed","https://onlinelibrary.wiley.com/doi/pdfdirect/10.1111/pre.70009",""
"87","10.1111/raq.12140","no_oa","",""
"88","10.1111/raq.12222","no_oa","",""
"89","10.1111/raq.12242","download_failed","https://onlinelibrary.wiley.com/doi/pdfdirect/10.1111/raq.12242",""
"90","10.1111/raq.12321","download_failed","https://onlinelibrary.wiley.com/doi/pdfdirect/10.1111/raq.12321",""
"91","10.1111/raq.12465","download_failed","https://onlinelibrary.wiley.com/doi/pdfdirect/10.1111/raq.12465",""
"92","10.1111/raq.12540","download_failed","https://archimer.ifremer.fr/doc/00678/78999/",""
"93","10.1111/raq.12631","download_failed","https://repository.library.noaa.gov/view/noaa/62315/noaa_62315_DS1.pdf",""
"94","10.1111/raq.70004","download_failed","https://doi.org/10.1111/raq.70004",""
"95","10.1111/raq.70089","download_failed","https://onlinelibrary.wiley.com/doi/pdfdirect/10.1111/raq.70089",""
"96","10.1111/raq.70105","no_oa","",""
"97","10.1111/raq.70130","download_failed","https://doi.org/10.1111/raq.70130",""
"98","10.1126/sciadv.adt4568","download_failed","https://www.science.org/doi/pdf/10.1126/sciadv.adt4568?download=true",""
"99","10.11693/hyhz20211200340","api_error","",""
"100","10.1177/0094582X231186147","no_oa","",""
"101","10.1177/0263774X18809708","no_oa","",""
"102","10.1177/1940082917697261","download_failed","https://journals.sagepub.com/doi/pdf/10.1177/1940082917697261",""
"103","10.1186/s40152-015-0034-9","downloaded","https://link.springer.com/content/pdf/10.1186/s40152-015-0034-9.pdf","F:\deepseek harness\pdfs\10.1186_s40152-015-0034-9.pdf"
"104","10.11964/jfc.20190211670","api_error","",""
"105","10.12111/j.mes.2021-x-0144","api_error","",""
"106","10.12111/j.mes.2024-x-0124","api_error","",""
"107","10.1371/journal.pone.0169281","downloaded","https://journals.plos.org/plosone/article/file?id=10.1371/journal.pone.0169281&type=printable","F:\deepseek harness\pdfs\10.1371_journal.pone.0169281.pdf"
"108","10.1371/journal.pone.0310602","downloaded","https://media.fisheries.noaa.gov/2021-09/Report-State-by-State-Summary-of-Shellfish-Aquaculture-Leasing-Permitting-Requirements-2021.pdf","F:\deepseek harness\pdfs\10.1371_journal.pone.0310602.pdf"
"109","10.14012/j.cnki.fjsc.2017.04.008","api_error","",""
"110","10.1515/bot-2018-0100","no_oa","",""
"111","10.16535/j.cnki.dlhyxb.2023-170","api_error","",""
"112","10.18402/resci.2022.01.01","download_failed","http://www.resci.cn/CN/article/downloadArticleFile.do?attachType=PDF&id=51463",""
"113","10.18520/cs/v126/i2/169-176","downloaded","https://doi.org/10.18520/cs/v126/i2/169-176","F:\deepseek harness\pdfs\10.18520_cs_v126_i2_169-176.pdf"
"114","10.19640/j.cnki.jtau.2025.03.006","api_error","",""
"115","10.20152/j.np.202401120014","api_error","",""
"116","10.30827/cuadgeo.v60i3.15953","downloaded","https://revistaseug.ugr.es/index.php/cuadgeo/article/download/15953/21260","F:\deepseek harness\pdfs\10.30827_cuadgeo.v60i3.15953.pdf"
"117","10.31497/zrzyxb.20221209","no_oa","",""
"118","10.3354/aei00161","download_failed","https://www.int-res.com/articles/aei2016/8/q008p041.pdf",""
"119","10.3389/faquc.2024.1384037","downloaded","https://doi.org/10.3389/faquc.2024.1384037","F:\deepseek harness\pdfs\10.3389_faquc.2024.1384037.pdf"
"120","10.3389/fmars.2020.626389","downloaded","https://www.frontiersin.org/articles/10.3389/fmars.2020.626389/pdf","F:\deepseek harness\pdfs\10.3389_fmars.2020.626389.pdf"
"121","10.3389/fmars.2022.909231","downloaded","https://www.frontiersin.org/articles/10.3389/fmars.2022.909231/pdf","F:\deepseek harness\pdfs\10.3389_fmars.2022.909231.pdf"
"122","10.3389/fmars.2023.1128527","downloaded","https://www.frontiersin.org/articles/10.3389/fmars.2023.1128527/pdf","F:\deepseek harness\pdfs\10.3389_fmars.2023.1128527.pdf"
"123","10.3389/fmars.2023.1198451","downloaded","https://www.frontiersin.org/articles/10.3389/fmars.2023.1198451/pdf","F:\deepseek harness\pdfs\10.3389_fmars.2023.1198451.pdf"
"124","10.3389/fmars.2024.1277581","downloaded","https://www.frontiersin.org/articles/10.3389/fmars.2024.1277581/pdf?isPublishedV2=False","F:\deepseek harness\pdfs\10.3389_fmars.2024.1277581.pdf"
"125","10.3389/fmars.2024.1352500","downloaded","https://www.frontiersin.org/articles/10.3389/fmars.2024.1352500/pdf?isPublishedV2=False","F:\deepseek harness\pdfs\10.3389_fmars.2024.1352500.pdf"
"126","10.3389/fmars.2024.1386545","downloaded","https://www.frontiersin.org/articles/10.3389/fmars.2024.1386545/pdf?isPublishedV2=False","F:\deepseek harness\pdfs\10.3389_fmars.2024.1386545.pdf"
"127","10.3389/fmars.2024.1507702","downloaded","https://www.frontiersin.org/journals/marine-science/articles/10.3389/fmars.2024.1507702/pdf","F:\deepseek harness\pdfs\10.3389_fmars.2024.1507702.pdf"
"128","10.3389/fmars.2025.1648960","downloaded","https://www.frontiersin.org/journals/marine-science/articles/10.3389/fmars.2025.1648960/pdf","F:\deepseek harness\pdfs\10.3389_fmars.2025.1648960.pdf"
"129","10.3389/fsufs.2023.1274224","downloaded","https://www.frontiersin.org/articles/10.3389/fsufs.2023.1274224/pdf?isPublishedV2=False","F:\deepseek harness\pdfs\10.3389_fsufs.2023.1274224.pdf"
"130","10.3390/fishes8020075","download_failed","https://www.mdpi.com/2410-3888/8/2/75/pdf?version=1674895033",""
"131","10.3390/su11092522","download_failed","https://www.mdpi.com/2071-1050/11/9/2522/pdf?version=1557919696",""
"132","10.3390/su8040333","download_failed","https://www.mdpi.com/2071-1050/8/4/333/pdf?version=1459944747",""
"133","10.3390/toxins10030118","download_failed","https://www.mdpi.com/2072-6651/10/3/118/pdf?version=1520662197",""
"134","10.3390/w16121730","download_failed","https://www.mdpi.com/2073-4441/16/12/1730/pdf?version=1718719738",""
"135","10.3969/j.issn.2095-1191.2023.09.032","api_error","",""
"136","10.4324/9780203966556-16","no_oa","",""
"137","10.4337/9781784718114.00018","no_oa","",""
"138","10.4490/algae.2017.32.3.3","downloaded","http://www.e-algae.org/upload/pdf/algae-2017-32-3-3.pdf","F:\deepseek harness\pdfs\10.4490_algae.2017.32.3.3.pdf"
